City_ID,City,Country,Date,Lat,Lng,Max Temp,Humidity,Cloudiness,Wind Speed
0,Pasvalys,LT,2021-09-10 22:07:00,56.0594,24.4036,56.52,82,9,7.2
1,Punta Arenas,CL,2021-09-10 22:03:36,-53.15,-70.9167,42.91,56,20,27.63
2,Atuona,PF,2021-09-10 22:07:00,-9.8,-139.0333,78.39,72,15,17.78
3,Severo-Kurilsk,RU,2021-09-10 22:07:00,50.6789,156.125,49.03,58,37,21.32
4,Muli,MV,2021-09-10 22:07:01,2.9167,73.5667,82.54,71,90,3.76
5,Albany,US,2021-09-10 22:04:35,42.6001,-73.9662,69.28,50,13,1.01
6,Busselton,AU,2021-09-10 22:07:01,-33.65,115.3333,47.08,87,36,11.52
7,Bunia,CD,2021-09-10 22:07:01,1.5667,30.25,63.68,90,97,3.15
8,Rikitea,PF,2021-09-10 22:07:02,-23.1203,-134.9692,73.42,78,43,11.23
9,Mataura,NZ,2021-09-10 22:07:02,-46.1927,168.8643,43.48,94,88,6.11
10,Radhanpur,IN,2021-09-10 22:07:02,23.8333,71.6,80.85,85,100,7.65
11,Bathsheba,BB,2021-09-10 22:07:02,13.2167,-59.5167,83.01,83,40,12.66
12,Lebu,CL,2021-09-10 22:07:03,-37.6167,-73.65,53.46,85,100,1.7
13,Tuktoyaktuk,CA,2021-09-10 22:02:10,69.4541,-133.0374,51.06,56,17,18.3
14,Monrovia,LR,2021-09-10 22:07:03,6.3005,-10.7969,76.21,87,100,4.29
15,Yumen,CN,2021-09-10 22:07:04,40.2833,97.2,65.48,20,1,9.84
16,Capao Bonito,BR,2021-09-10 22:07:04,-24.0058,-48.3494,66.31,58,93,4.38
17,Soroca,MD,2021-09-10 22:07:04,48.1558,28.2975,59.61,41,84,3.0
18,Saint George,US,2021-09-10 22:07:05,37.1041,-113.5841,104.63,17,1,4.0
19,Limot,PH,2021-09-10 22:07:05,7.0405,126.2727,73.98,85,92,3.91
20,Andujar,ES,2021-09-10 22:07:05,38.0392,-4.0508,80.71,40,10,1.81
21,Watsa,CD,2021-09-10 22:07:06,3.0372,29.5355,63.16,98,57,2.64
22,Puqi,CN,2021-09-10 22:07:06,29.7167,113.8833,72.32,82,6,2.95
23,Mitsamiouli,KM,2021-09-10 22:07:06,-11.3847,43.2844,76.93,73,6,4.99
24,Luderitz,NA,2021-09-10 22:07:06,-26.6481,15.1594,57.54,69,3,7.43
25,Vaini,TO,2021-09-10 22:07:07,-21.2,-175.2,77.16,78,40,9.22
26,Hilo,US,2021-09-10 22:02:57,19.7297,-155.09,85.28,64,1,10.36
27,Ushuaia,AR,2021-09-10 22:07:07,-54.8,-68.3,38.86,87,20,4.61
28,Rovnoye,RU,2021-09-10 22:07:07,50.7765,46.0509,64.44,70,68,12.26
29,Waipawa,NZ,2021-09-10 22:07:08,-41.4122,175.5153,54.3,59,29,10.25
30,Saldanha,ZA,2021-09-10 22:07:08,-33.0117,17.9442,54.86,93,51,8.34
31,Leshukonskoye,RU,2021-09-10 22:07:08,64.8989,45.7622,37.98,80,89,5.66
32,Hobart,AU,2021-09-10 22:07:08,-42.8794,147.3294,51.66,76,75,3.0
33,New Norfolk,AU,2021-09-10 22:07:09,-42.7826,147.0587,51.3,65,84,3.42
34,Hermanus,ZA,2021-09-10 22:07:09,-34.4187,19.2345,54.9,82,43,3.53
35,Marsabit,KE,2021-09-10 22:05:45,2.3284,37.9899,65.19,55,57,23.87
36,Lithakia,GR,2021-09-10 22:04:32,37.7167,20.8333,65.57,63,27,4.56
37,Bluff,NZ,2021-09-10 22:07:09,-46.6,168.3333,43.81,75,61,15.12
38,Ust-Tsilma,RU,2021-09-10 22:07:10,65.441,52.1498,37.04,98,68,8.12
39,Ribeira Grande,PT,2021-09-10 22:07:10,38.5167,-28.7,70.52,71,47,17.45
40,Hovd,MN,2021-09-10 22:07:10,48.0056,91.6419,52.92,38,100,5.55
41,Barrow,US,2021-09-10 22:07:10,71.2906,-156.7887,37.42,87,90,13.8
42,Avarua,CK,2021-09-10 22:07:11,-21.2078,-159.775,78.85,73,44,10.36
43,Mount Gambier,AU,2021-09-10 22:07:11,-37.8333,140.7667,57.16,85,92,10.87
44,Matara,LK,2021-09-10 22:07:11,5.9485,80.5353,77.05,91,100,9.31
45,Paita,PE,2021-09-10 22:07:12,-5.0892,-81.1144,67.17,81,26,14.56
46,Laguna,US,2021-09-10 22:05:42,38.421,-121.4238,92.44,36,1,4.0
47,East London,ZA,2021-09-10 22:07:12,-33.0153,27.9116,74.88,49,96,8.99
48,Ostrovnoy,RU,2021-09-10 22:02:27,68.0531,39.5131,40.78,94,100,19.26
49,Vestmanna,FO,2021-09-10 22:07:12,62.1564,-7.1664,49.12,81,90,8.05
50,Ilulissat,GL,2021-09-10 22:07:13,69.2167,-51.1,30.22,43,0,3.44
51,Sept-Iles,CA,2021-09-10 22:07:13,50.2001,-66.3821,61.05,94,89,6.76
52,Kahului,US,2021-09-10 22:07:13,20.8947,-156.47,86.02,58,20,17.27
53,Billings,US,2021-09-10 22:05:34,45.7833,-108.5007,92.37,16,75,4.61
54,Codrington,AU,2021-09-10 22:07:14,-38.2667,141.9667,57.85,67,92,16.02
55,Jamestown,US,2021-09-10 22:02:54,42.097,-79.2353,67.59,55,1,7.34
56,Bellavista,PE,2021-09-10 22:07:14,-7.0561,-76.5911,88.88,59,89,1.14
57,Butaritari,KI,2021-09-10 22:07:14,3.0707,172.7902,83.79,72,24,15.32
58,Nikolskoye,RU,2021-09-10 22:07:14,59.7035,30.7861,47.01,81,68,4.45
59,Gravdal,NO,2021-09-10 22:07:15,68.1214,13.5031,47.37,71,100,8.23
60,Kapaa,US,2021-09-10 22:07:15,22.0752,-159.319,84.18,70,40,1.99
61,Puerto Escondido,MX,2021-09-10 22:07:15,15.85,-97.0667,85.03,58,90,2.3
62,Upernavik,GL,2021-09-10 22:07:16,72.7868,-56.1549,31.75,64,47,6.06
63,Provideniya,RU,2021-09-10 22:07:16,64.3833,-173.3,41.49,97,100,4.74
64,Iquitos,PE,2021-09-10 22:03:32,-3.7481,-73.2472,84.24,65,20,4.61
65,Cape Town,ZA,2021-09-10 22:04:06,-33.9258,18.4232,55.89,81,49,1.99
66,Gornopravdinsk,RU,2021-09-10 22:07:16,60.05,69.9,44.44,98,100,8.05
67,Port Alfred,ZA,2021-09-10 22:07:17,-33.5906,26.891,66.83,69,24,10.67
68,Bethel,US,2021-09-10 22:07:17,41.3712,-73.414,72.19,58,20,6.91
69,Tiarei,PF,2021-09-10 22:07:17,-17.5333,-149.3333,82.42,61,19,9.75
70,Puerto Ayora,EC,2021-09-10 22:07:18,-0.7393,-90.3518,75.16,85,92,8.99
71,Norman Wells,CA,2021-09-10 22:07:18,65.282,-126.8329,58.53,56,100,15.21
72,Pisco,PE,2021-09-10 22:07:18,-13.7,-76.2167,63.01,82,40,6.91
73,Bautzen,DE,2021-09-10 22:07:18,51.1833,14.4333,66.29,80,93,6.38
74,Zeya,RU,2021-09-10 22:07:19,53.75,127.2667,51.64,96,100,5.21
75,Raga,SS,2021-09-10 22:07:19,8.4596,25.678,68.09,96,96,3.44
76,Carnarvon,AU,2021-09-10 22:07:19,-24.8667,113.6333,57.27,77,17,12.66
77,Tasiilaq,GL,2021-09-10 22:07:20,65.6145,-37.6368,37.56,49,6,7.72
78,Pacific Grove,US,2021-09-10 22:07:20,36.6177,-121.9166,90.16,81,1,5.01
79,Terrace Bay,CA,2021-09-10 22:07:20,48.7834,-87.1,60.57,81,100,9.24
80,Sioux Lookout,CA,2021-09-10 22:06:23,50.1001,-91.917,73.94,48,100,8.25
81,Dagua,CO,2021-09-10 22:07:21,3.6569,-76.6886,79.3,96,93,4.63
82,Binzhou,CN,2021-09-10 22:07:21,37.3667,118.0167,71.94,91,1,4.47
83,Manokwari,ID,2021-09-10 22:07:21,-0.8667,134.0833,78.89,79,100,5.95
84,Kloulklubed,PW,2021-09-10 22:03:25,7.0419,134.2556,84.56,73,100,15.99
85,Bonavista,CA,2021-09-10 22:07:21,48.6499,-53.1147,65.12,91,100,16.73
86,Dikson,RU,2021-09-10 22:07:22,73.5069,80.5464,40.44,97,100,9.1
87,Ternate,ID,2021-09-10 22:07:22,0.8,127.4,76.51,91,100,4.34
88,Conakry,GN,2021-09-10 22:07:22,9.538,-13.6773,78.44,81,100,9.55
89,Avera,US,2021-09-10 22:03:34,33.194,-82.5271,86.76,26,0,5.28
90,Tiksi,RU,2021-09-10 22:07:23,71.6872,128.8694,44.89,74,77,8.55
91,Zhigansk,RU,2021-09-10 22:07:23,66.7697,123.3711,41.43,61,33,7.78
92,Thompson,CA,2021-09-10 22:07:23,55.7435,-97.8558,60.96,55,75,20.71
93,Samarai,PG,2021-09-10 22:07:23,-10.6167,150.6667,78.84,86,100,17.22
94,Ozinki,RU,2021-09-10 22:07:24,51.1786,49.6769,59.4,73,98,13.11
95,Taoudenni,ML,2021-09-10 22:07:24,22.6783,-3.9836,101.12,8,0,8.75
96,Georgetown,MY,2021-09-10 22:04:53,5.4112,100.3354,80.89,84,20,0.0
97,Marzuq,YE,2021-09-10 22:07:24,14.4,46.4667,86.74,32,98,2.24
98,Kununurra,AU,2021-09-10 22:07:25,-15.7667,128.7333,60.78,77,4,0.0
99,Alekseyevskoye,RU,2021-09-10 22:07:25,55.3071,50.1135,45.28,84,7,7.07
100,Anchorage,US,2021-09-10 22:04:50,61.2181,-149.9003,56.55,87,90,3.44
101,Hithadhoo,MV,2021-09-10 22:07:25,-0.6,73.0833,82.81,69,43,4.43
102,Iqaluit,CA,2021-09-10 22:02:53,63.7506,-68.5145,38.64,55,100,7.45
103,Mount Isa,AU,2021-09-10 22:07:26,-20.7333,139.5,62.37,51,0,0.0
104,San Jeronimo,PE,2021-09-10 22:07:26,-11.9472,-75.2829,59.94,55,65,6.53
105,Kaduna,NG,2021-09-10 22:07:26,10.5222,7.4383,71.24,94,98,5.75
106,Hami,CN,2021-09-10 22:07:26,42.8,93.45,72.66,31,87,18.68
107,Arraial Do Cabo,BR,2021-09-10 22:07:27,-22.9661,-42.0278,73.26,94,75,10.36
108,Sambava,MG,2021-09-10 22:07:27,-14.2667,50.1667,68.23,86,34,11.79
109,Caravelas,BR,2021-09-10 22:07:27,-17.7125,-39.2481,75.31,79,10,9.62
110,Orange Cove,US,2021-09-10 22:07:28,36.6244,-119.3137,99.61,21,1,6.91
111,Longyearbyen,SJ,2021-09-10 22:07:28,78.2186,15.6401,35.44,69,20,10.36
112,Lumeje,AO,2021-09-10 22:07:28,-11.55,20.7833,70.63,22,54,5.57
113,Henties Bay,NA,2021-09-10 22:07:28,-22.116,14.2845,55.85,72,0,6.17
114,Biak,ID,2021-09-10 22:07:29,-0.9131,122.8766,75.2,86,96,3.94
115,Lorengau,PG,2021-09-10 22:07:29,-2.0226,147.2712,83.71,71,89,11.83
116,Ballina,AU,2021-09-10 22:07:29,-28.8667,153.5667,60.78,47,0,3.58
117,Ponta Do Sol,PT,2021-09-10 22:07:29,32.6667,-17.1,76.01,85,28,0.67
118,Bratsk,RU,2021-09-10 22:07:30,56.1325,101.6142,36.09,87,82,1.21
119,Saint-Augustin,CA,2021-09-10 22:07:30,51.226,-58.6502,64.42,98,100,17.98
120,Abha,SA,2021-09-10 22:07:30,18.2164,42.5053,70.05,16,0,4.61
121,Cherskiy,RU,2021-09-10 22:07:31,68.75,161.3,33.75,63,25,10.4
122,Stafford,GB,2021-09-10 22:04:45,52.8052,-2.1164,65.53,77,27,5.53
123,Takoradi,GH,2021-09-10 22:07:31,4.8845,-1.7554,76.91,87,98,7.11
124,Yatou,CN,2021-09-10 22:07:31,37.15,122.3833,69.71,96,18,6.55
125,Kyabram,AU,2021-09-10 22:07:31,-36.3167,145.05,54.88,59,3,8.48
126,Alice Springs,AU,2021-09-10 22:07:32,-23.7,133.8833,53.15,40,4,3.44
127,Monduli,TZ,2021-09-10 22:07:32,-3.3,36.45,58.73,79,81,11.48
128,Ca Mau,VN,2021-09-10 22:05:18,9.1769,105.15,77.07,92,100,5.97
129,Lengshuijiang,CN,2021-09-10 22:07:32,27.6881,111.4294,75.47,84,75,1.48
130,Oktyabrskoye,RU,2021-09-10 22:07:33,43.0645,44.7417,48.34,100,0,4.47
131,Souillac,MU,2021-09-10 22:07:33,-20.5167,57.5167,67.35,79,4,10.2
132,Geraldton,AU,2021-09-10 22:07:33,-28.7667,114.6,52.21,100,75,5.75
133,Bredasdorp,ZA,2021-09-10 22:07:33,-34.5322,20.0403,52.29,96,99,3.31
134,Yarmouth,US,2021-09-10 22:07:34,41.7057,-70.2286,73.51,84,40,8.99
135,Isangel,VU,2021-09-10 22:02:52,-19.55,169.2667,77.11,53,20,5.75
136,Tilichiki,RU,2021-09-10 22:07:34,60.4667,166.1,37.08,58,98,21.32
137,Chuy,UY,2021-09-10 22:07:34,-33.6971,-53.4616,56.88,91,68,10.56
138,Marawi,PH,2021-09-10 22:07:34,7.9986,124.2928,66.65,79,99,2.24
139,Mahebourg,MU,2021-09-10 22:07:35,-20.4081,57.7,67.24,77,13,11.68
140,Strezhevoy,RU,2021-09-10 22:07:35,60.7333,77.5889,46.38,90,100,9.42
141,Palu,ID,2021-09-10 22:07:35,-0.8917,119.8707,74.61,93,72,2.98
142,Khatanga,RU,2021-09-10 22:07:36,71.9667,102.5,50.27,67,49,11.97
143,Bengkulu,ID,2021-09-10 22:07:36,-3.8004,102.2655,75.02,86,100,3.91
144,Mackay,AU,2021-09-10 22:07:36,-21.15,149.2,70.05,69,43,12.48
145,Mubi,NG,2021-09-10 22:07:37,10.2676,13.2644,70.88,93,61,3.49
146,Wanning,CN,2021-09-10 22:07:37,18.8003,110.3967,80.06,89,99,6.78
147,Hasaki,JP,2021-09-10 22:07:37,35.7333,140.8333,72.0,82,95,5.32
148,Port Elizabeth,ZA,2021-09-10 22:03:16,-33.918,25.5701,58.1,81,18,8.32
149,Siuri,IN,2021-09-10 22:07:38,23.9167,87.5333,79.45,89,100,5.68
150,North Bend,US,2021-09-10 22:07:38,43.4065,-124.2243,73.24,64,1,13.8
151,Gewane,ET,2021-09-10 22:07:38,10.1664,40.6453,84.69,47,70,6.91
152,Hamilton,US,2021-09-10 22:05:30,39.1834,-84.5333,79.77,48,75,1.01
153,Dharchula,IN,2021-09-10 22:07:39,29.85,80.5333,69.78,92,100,2.66
154,Saint-Leu,RE,2021-09-10 22:07:39,-21.15,55.2833,67.03,77,13,11.3
155,Sri Aman,MY,2021-09-10 22:07:39,1.2376,111.4621,73.51,99,100,2.48
156,Flinders,AU,2021-09-10 22:07:40,-34.5833,150.8552,66.06,46,0,5.97
157,Aklavik,CA,2021-09-10 22:07:40,68.2191,-135.0107,55.31,54,100,11.25
158,La Seyne-Sur-Mer,FR,2021-09-10 22:07:40,43.0982,5.8847,72.88,71,52,9.46
159,Kaitangata,NZ,2021-09-10 22:03:18,-46.2817,169.8464,46.27,80,61,8.59
160,Praia,CV,2021-09-10 22:07:40,14.9215,-23.5087,81.14,74,75,11.5
161,Paraiso,CR,2021-09-10 22:07:41,9.8383,-83.8656,70.95,93,100,2.57
162,Mar Del Plata,AR,2021-09-10 22:07:41,-38.0023,-57.5575,51.82,93,90,8.05
163,Klaksvik,FO,2021-09-10 22:07:41,62.2266,-6.589,50.92,74,42,7.61
164,Richards Bay,ZA,2021-09-10 22:07:41,-28.783,32.0377,64.2,68,5,17.54
165,Baglung,NP,2021-09-10 22:07:42,28.2719,83.5898,66.97,79,74,5.3
166,Ginda,IN,2021-09-10 22:07:42,30.6945,78.4932,63.41,89,95,4.23
167,Salalah,OM,2021-09-10 22:07:42,17.0151,54.0924,78.89,100,90,4.61
168,Tukrah,LY,2021-09-10 22:07:43,32.5341,20.5791,77.99,49,3,6.85
169,Fortuna,US,2021-09-10 22:07:43,40.5982,-124.1573,73.42,70,75,5.01
170,Bambous Virieux,MU,2021-09-10 22:07:43,-20.3428,57.7575,67.21,76,10,11.77
171,Faanui,PF,2021-09-10 22:07:44,-16.4833,-151.75,76.84,64,69,12.64
172,Chifeng,CN,2021-09-10 22:07:44,42.2683,118.9636,56.7,81,0,4.79
173,Antofagasta,CL,2021-09-10 22:07:44,-23.65,-70.4,58.28,68,19,5.84
174,Hima,UG,2021-09-10 22:07:44,0.2958,30.1804,65.66,94,73,2.06
175,Saskylakh,RU,2021-09-10 22:07:45,71.9167,114.0833,53.35,67,60,7.92
176,Hilton Head Island,US,2021-09-10 22:05:50,32.2163,-80.7526,84.25,61,20,5.75
177,Morehead,US,2021-09-10 22:07:45,37.2711,-87.1764,83.3,45,1,0.0
178,Castro,BR,2021-09-10 22:07:45,-24.7911,-50.0119,61.3,40,4,4.38
179,Taungdwingyi,MM,2021-09-10 22:07:45,20.0167,95.55,74.16,96,100,5.08
180,Uruguaiana,BR,2021-09-10 22:07:46,-29.7547,-57.0883,60.73,77,75,3.44
181,Beringovskiy,RU,2021-09-10 22:07:46,63.05,179.3167,39.78,93,100,6.8
182,Coihaique,CL,2021-09-10 22:07:46,-45.5752,-72.0662,44.55,81,90,5.75
183,Todos Santos,MX,2021-09-10 22:07:47,23.45,-110.2167,86.0,90,100,12.06
184,Logan,US,2021-09-10 22:04:03,41.7355,-111.8344,94.42,28,1,1.01
185,Rio Gallegos,AR,2021-09-10 22:07:47,-51.6226,-69.2181,48.25,40,40,9.22
186,Comodoro Rivadavia,AR,2021-09-10 22:03:27,-45.8667,-67.5,64.26,36,0,12.66
187,Lompoc,US,2021-09-10 22:04:22,34.6391,-120.4579,93.02,74,1,14.97
188,Vila Do Maio,CV,2021-09-10 22:07:47,15.1333,-23.2167,81.39,81,79,14.07
189,Tabou,CI,2021-09-10 22:07:48,4.423,-7.3528,76.98,86,50,4.72
190,Sao Filipe,CV,2021-09-10 22:07:48,14.8961,-24.4956,78.26,82,100,7.36
191,Chokurdakh,RU,2021-09-10 22:07:48,70.6333,147.9167,33.46,68,59,6.96
192,Honningsvag,NO,2021-09-10 22:07:48,70.9821,25.9704,43.47,76,74,19.64
193,Yerbogachen,RU,2021-09-10 22:07:49,61.2767,108.0108,45.54,83,84,3.87
194,Gunjur,GM,2021-09-10 22:07:49,13.2019,-16.7339,75.27,100,75,0.0
195,Varginha,BR,2021-09-10 22:07:49,-21.5514,-45.4303,69.4,77,94,4.92
196,Balaipungut,ID,2021-09-10 22:07:50,1.05,101.2833,73.94,97,86,2.84
197,Fairbanks,US,2021-09-10 22:02:57,64.8378,-147.7164,64.09,58,75,0.0
198,Lucapa,AO,2021-09-10 22:07:50,-8.4192,20.7447,74.12,23,6,2.93
199,Kruisfontein,ZA,2021-09-10 22:07:50,-34.0033,24.7314,55.89,85,7,2.33
200,Fayaoue,NC,2021-09-10 22:07:50,-20.65,166.5333,70.7,64,100,16.44
201,Le Port,RE,2021-09-10 22:07:51,-20.9373,55.2919,67.96,77,35,1.52
202,Cairns,AU,2021-09-10 22:07:51,-16.9167,145.7667,73.35,80,90,9.22
203,Hofn,IS,2021-09-10 22:07:51,64.2539,-15.2082,52.79,65,51,5.08
204,Saint-Francois,FR,2021-09-10 22:07:52,46.4154,3.9054,62.47,94,26,3.44
205,Almaznyy,RU,2021-09-10 22:07:52,48.0448,40.045,53.74,42,0,1.25
206,Kargasok,RU,2021-09-10 22:07:52,59.0556,80.8572,47.44,88,99,10.94
207,Manggar,ID,2021-09-10 22:07:52,-2.8833,108.2667,78.49,85,100,5.84
208,Srednekolymsk,RU,2021-09-10 22:07:53,67.45,153.6833,33.26,77,32,6.73
209,Weifang,CN,2021-09-10 22:07:53,36.71,119.1019,70.07,92,0,6.11
210,Cananeia,BR,2021-09-10 22:07:53,-25.0147,-47.9267,64.89,83,51,4.59
211,Bindura,ZW,2021-09-10 22:07:53,-17.3019,31.3306,55.2,78,46,3.47
212,Talnakh,RU,2021-09-10 22:07:54,69.4865,88.3972,43.86,81,75,14.54
213,Petrovskaya,RU,2021-09-10 22:07:54,45.4314,37.955,61.29,55,0,9.71
214,Meulaboh,ID,2021-09-10 22:07:54,4.1363,96.1285,75.13,89,85,3.11
215,Alta Floresta,BR,2021-09-10 22:07:54,-9.8756,-56.0861,80.56,61,46,4.12
216,Cabo San Lucas,MX,2021-09-10 22:07:32,22.8909,-109.9124,86.5,77,75,1.01
217,Mogadishu,SO,2021-09-10 22:07:55,2.0371,45.3438,76.87,86,84,20.74
218,Suntar,RU,2021-09-10 22:07:55,62.1444,117.6319,46.71,83,60,4.21
219,Ishim,RU,2021-09-10 22:07:55,56.1128,69.4902,44.82,85,100,10.36
220,Esna,EG,2021-09-10 22:07:56,25.2934,32.554,84.34,35,0,16.8
221,Izumo,JP,2021-09-10 22:07:56,35.3667,132.7667,71.49,94,75,2.3
222,Asau,RO,2021-09-10 22:07:56,46.4333,26.4,56.75,44,96,3.8
223,Zarinsk,RU,2021-09-10 22:07:56,53.7074,84.9493,56.14,38,100,12.62
224,Okhotsk,RU,2021-09-10 22:07:57,59.3833,143.3,49.12,72,52,7.63
225,Wasilla,US,2021-09-10 22:03:28,61.5814,-149.4394,55.65,78,75,0.0
226,Kinsale,IE,2021-09-10 22:07:57,51.7075,-8.5306,58.37,82,40,9.22
227,Namibe,AO,2021-09-10 22:07:57,-15.1961,12.1522,66.61,71,20,6.44
228,Haimen,CN,2021-09-10 22:07:58,23.1935,116.6142,78.66,90,53,7.76
229,Livingstone,ZM,2021-09-10 22:07:58,-17.8419,25.8543,69.21,42,17,11.97
230,Camana,PE,2021-09-10 22:07:58,-16.6228,-72.7111,65.14,75,35,7.0
231,Ahipara,NZ,2021-09-10 22:07:59,-35.1667,173.1667,57.22,64,5,17.07
232,Lavrentiya,RU,2021-09-10 22:03:03,65.5833,-171.0,44.58,94,100,10.25
233,Nangong,CN,2021-09-10 22:07:59,37.3581,115.3744,72.05,96,4,3.89
234,Tshikapa,CD,2021-09-10 22:07:59,-6.4167,20.8,78.24,52,25,1.92
235,Rassvet,RU,2021-09-10 22:07:59,46.8333,40.75,61.36,54,0,7.23
236,Ouadda,CF,2021-09-10 22:03:06,8.0777,22.4007,66.97,98,87,3.51
237,Urusha,RU,2021-09-10 22:08:00,54.05,122.9,48.42,95,100,8.5
238,Yellowknife,CA,2021-09-10 22:08:00,62.456,-114.3525,52.86,46,16,0.4
239,Lagoa,PT,2021-09-10 22:08:00,39.05,-27.9833,69.71,72,7,18.81
240,Nabire,ID,2021-09-10 22:08:01,-3.3667,135.4833,75.47,96,100,5.1
241,Puerto Carreno,CO,2021-09-10 22:04:12,6.189,-67.4859,82.15,77,97,7.38
242,Viedma,AR,2021-09-10 22:08:01,-40.8135,-62.9967,59.02,56,63,14.65
243,Bukachacha,RU,2021-09-10 22:08:01,52.9833,116.9167,47.43,97,100,4.14
244,Belyy Yar,RU,2021-09-10 22:08:02,53.6039,91.3903,31.89,93,0,2.24
245,Perth,AU,2021-09-10 22:06:11,-31.9333,115.8333,52.05,96,0,8.05
246,Namatanai,PG,2021-09-10 22:08:02,-3.6667,152.4333,82.35,72,21,10.07
247,Meadow Lake,US,2021-09-10 22:08:02,34.8014,-106.5436,96.21,20,0,10.04
248,Berlevag,NO,2021-09-10 22:08:03,70.8578,29.0864,42.75,81,75,8.05
249,Itaqui,BR,2021-09-10 22:08:03,-29.1253,-56.5531,56.77,84,52,8.3
250,Bagnols-Sur-Ceze,FR,2021-09-10 22:08:03,44.1599,4.6178,69.91,79,0,0.0
251,Tessalit,ML,2021-09-10 22:08:03,20.1986,1.0114,93.67,23,83,7.16
252,Vardo,NO,2021-09-10 22:03:04,70.3705,31.1107,39.4,80,31,15.84
253,Pitimbu,BR,2021-09-10 22:08:04,-7.4706,-34.8086,75.79,73,63,13.56
254,Airai,TL,2021-09-10 22:08:04,-8.9266,125.4092,58.86,68,38,2.95
255,Chapais,CA,2021-09-10 22:08:04,49.7834,-74.8492,51.58,69,99,6.87
256,Broken Hill,AU,2021-09-10 22:08:04,-31.95,141.4333,63.01,21,0,14.09
257,Olavarria,AR,2021-09-10 22:08:05,-36.8927,-60.3225,54.1,80,99,4.85
258,Moindou,NC,2021-09-10 22:08:05,-21.6924,165.677,71.55,56,66,5.46
259,Walvis Bay,NA,2021-09-10 22:08:05,-22.9575,14.5053,56.08,62,0,10.67
260,Yongchang,CN,2021-09-10 22:08:06,30.0381,119.7317,72.41,97,49,1.01
261,Qaanaaq,GL,2021-09-10 22:08:06,77.484,-69.3632,19.98,69,71,5.84
262,Tura,IN,2021-09-10 22:08:06,25.5198,90.2201,74.95,96,99,6.22
263,Menongue,AO,2021-09-10 22:08:06,-14.6585,17.691,64.04,29,7,5.08
264,Pevek,RU,2021-09-10 22:08:07,69.7008,170.3133,31.48,71,84,12.03
265,Uvarovo,RU,2021-09-10 22:08:07,51.9849,42.2615,60.48,71,91,5.5
266,Khuzhir,RU,2021-09-10 22:08:07,53.1939,107.3397,49.71,83,100,11.77
267,Batemans Bay,AU,2021-09-10 22:08:08,-35.7167,150.1833,56.91,46,8,8.16
268,Torbay,CA,2021-09-10 22:08:08,47.6666,-52.7314,67.28,97,90,20.71
269,Jumla,NP,2021-09-10 22:08:08,29.2747,82.1838,59.7,93,100,1.68
270,Gualaquiza,EC,2021-09-10 22:08:08,-3.4,-78.55,70.41,91,78,0.87
271,Sitka,US,2021-09-10 22:08:09,57.0531,-135.33,57.09,72,90,13.8
272,Pouembout,NC,2021-09-10 22:08:09,-21.1333,164.9,72.82,51,11,3.74
273,Sorland,NO,2021-09-10 22:08:09,67.667,12.6934,49.3,71,100,11.63
274,Fort Frances,CA,2021-09-10 22:03:13,48.5999,-93.4003,79.16,54,20,9.22
275,Port Hardy,CA,2021-09-10 22:08:10,50.6996,-127.4199,61.81,79,99,1.34
276,General Roca,AR,2021-09-10 22:08:10,-39.0333,-67.5833,70.7,24,57,17.65
277,Zdvinsk,RU,2021-09-10 22:08:10,54.7021,78.661,50.65,88,97,17.67
278,Cap-Aux-Meules,CA,2021-09-10 22:08:10,47.3821,-61.8597,60.85,100,90,14.97
279,Gornoye Loo,RU,2021-09-10 22:08:11,43.7129,39.6049,65.98,75,0,4.21
280,Chavakkad,IN,2021-09-10 22:08:11,10.5333,76.05,77.07,84,100,4.65
281,Bara,NG,2021-09-10 22:08:11,10.3744,10.7288,73.69,92,24,4.79
282,Boa Vista,BR,2021-09-10 22:08:11,2.8197,-60.6733,89.58,51,20,6.91
283,Spilimbergo,IT,2021-09-10 22:08:12,46.1125,12.8969,65.01,76,62,4.52
284,San Vicente,AR,2021-09-10 22:08:12,-26.6167,-54.1333,55.6,65,0,1.21
285,Butembo,CD,2021-09-10 22:08:12,0.15,29.2833,56.61,95,42,2.26
286,Naze,JP,2021-09-10 22:08:13,28.3667,129.4833,79.72,84,16,10.8
287,Tres Arroyos,AR,2021-09-10 22:03:39,-38.3739,-60.2798,53.83,75,98,6.58
288,Isfana,KG,2021-09-10 22:08:13,39.8386,69.5306,52.36,33,31,2.08
289,Pudozh,RU,2021-09-10 22:08:13,61.8099,36.5345,42.46,86,47,4.18
290,Namtsy,RU,2021-09-10 22:08:13,62.7161,129.6658,28.51,58,8,0.89
291,Taltal,CL,2021-09-10 22:08:14,-25.4,-70.4833,61.75,67,23,4.72
292,Narsaq,GL,2021-09-10 22:08:14,60.9167,-46.05,44.82,88,100,3.53
293,Port Hedland,AU,2021-09-10 22:08:14,-20.3167,118.5667,60.85,77,0,5.75
294,San Pedro De Tutule,HN,2021-09-10 22:08:15,14.25,-87.85,69.1,70,97,4.7
295,Barranca De Upia,CO,2021-09-10 22:08:15,4.5696,-72.9668,80.2,84,78,0.89
296,Chimoio,MZ,2021-09-10 22:08:15,-19.1164,33.4833,58.86,94,20,3.74
297,Shunyi,CN,2021-09-10 22:08:15,40.125,116.6453,73.35,94,57,0.0
298,Jining,CN,2021-09-10 22:05:34,35.405,116.5814,69.75,95,21,6.76
299,Nanortalik,GL,2021-09-10 22:08:16,60.1432,-45.2371,45.19,84,100,6.04
300,San Ignacio,BZ,2021-09-10 22:08:16,17.1561,-89.0714,78.37,95,98,6.11
301,Gumdag,TM,2021-09-10 22:08:16,39.2061,54.5906,72.55,21,0,14.81
302,Salym,RU,2021-09-10 22:08:17,60.0625,71.4789,46.42,98,100,5.23
303,Cockburn Town,TC,2021-09-10 22:08:17,21.4612,-71.1419,83.7,74,36,14.38
304,Palembang,ID,2021-09-10 22:08:17,-2.9167,104.7458,71.96,90,100,3.42
305,Nyagan,RU,2021-09-10 22:08:17,62.1406,65.3936,46.33,98,100,6.73
306,Leeuwarden,NL,2021-09-10 22:08:18,53.2014,5.8086,66.2,98,90,4.61
307,Leningradskiy,RU,2021-09-10 22:08:18,69.3833,178.4167,30.27,93,100,5.35
308,Ambon,ID,2021-09-10 22:05:45,-3.6954,128.1814,75.34,100,40,4.61
309,Linguere,SN,2021-09-10 22:08:18,15.3953,-15.1193,80.56,81,100,6.46
310,Kidal,ML,2021-09-10 22:08:19,18.4411,1.4078,91.09,30,93,11.95
311,Impfondo,CG,2021-09-10 22:08:19,1.6381,18.0667,70.93,98,100,2.64
312,Hobyo,SO,2021-09-10 22:06:13,5.3505,48.5268,77.0,81,96,30.09
313,Kaeo,NZ,2021-09-10 22:08:19,-35.1,173.7833,59.32,68,2,12.08
314,Sharan,RU,2021-09-10 22:08:20,54.8167,54.0,40.69,85,29,6.4
315,Haines Junction,CA,2021-09-10 22:08:20,60.7522,-137.5108,55.31,58,93,4.56
316,Tuatapere,NZ,2021-09-10 22:08:20,-46.1333,167.6833,43.83,85,79,5.26
317,Nome,US,2021-09-10 22:08:20,64.5011,-165.4064,48.11,93,90,13.8
318,Saint Anthony,US,2021-09-10 22:08:21,45.0205,-93.218,83.86,49,1,4.0
319,Northam,GB,2021-09-10 22:08:21,51.0333,-4.2167,64.38,95,86,12.08
320,Bergerac,FR,2021-09-10 22:08:21,44.8333,0.5,65.77,94,0,4.61
321,Sompeta,IN,2021-09-10 22:08:21,18.9333,84.6,79.83,82,64,5.14
322,Kletskaya,RU,2021-09-10 22:08:22,49.3145,43.0584,64.09,49,0,3.83
323,Tambopata,PE,2021-09-10 22:08:22,-12.7333,-69.1833,75.96,62,69,3.11
324,Kavieng,PG,2021-09-10 22:08:22,-2.5744,150.7967,83.79,72,52,17.27
325,Kavaratti,IN,2021-09-10 22:08:23,10.5669,72.642,81.97,75,100,16.58
326,Victoria,HK,2021-09-10 22:05:32,22.2855,114.1577,84.33,85,24,1.01
327,Melfi,IT,2021-09-10 22:08:23,40.9965,15.6514,67.41,61,85,3.76
328,Saint-Philippe,RE,2021-09-10 22:08:23,-21.3585,55.7679,67.55,77,42,8.28
329,Aykhal,RU,2021-09-10 22:08:24,66.0,111.5,50.9,79,93,5.73
330,Cayenne,GF,2021-09-10 22:08:24,4.9333,-52.3333,83.08,80,40,3.0
331,Vohibinany,MG,2021-09-10 22:08:24,-17.35,49.0333,63.37,98,70,2.82
332,Solnechnyy,RU,2021-09-10 22:08:24,50.7214,136.6319,52.48,98,100,3.76
333,Medicine Hat,CA,2021-09-10 22:08:25,50.0501,-110.6683,72.21,41,62,1.99
334,Paamiut,GL,2021-09-10 22:08:25,61.994,-49.6678,45.21,83,100,5.73
335,Bubaque,GW,2021-09-10 22:08:25,11.2833,-15.8333,77.95,85,99,10.65
336,Hambantota,LK,2021-09-10 22:06:09,6.1241,81.1185,79.14,100,20,8.05
337,Santa Isabel Do Rio Negro,BR,2021-09-10 22:08:25,-0.4139,-65.0192,76.73,93,100,2.89
338,Nokaneng,BW,2021-09-10 22:08:26,-19.6667,22.2667,70.47,34,0,12.66
339,Forrest City,US,2021-09-10 22:08:26,35.0081,-90.7898,87.66,30,0,3.13
340,Sibolga,ID,2021-09-10 22:08:26,1.7427,98.7792,76.46,79,100,3.02
341,Petatlan,MX,2021-09-10 22:08:27,17.5167,-101.2667,89.4,75,96,6.67
342,Vagur,FO,2021-09-10 22:08:27,61.4732,-6.8119,50.76,81,31,11.81
343,Salta,AR,2021-09-10 22:08:27,-24.7859,-65.4117,67.57,34,0,5.99
344,Rio Grande,BR,2021-09-10 22:07:39,-32.035,-52.0986,59.95,83,100,14.25
345,Baykit,RU,2021-09-10 22:08:27,61.67,96.37,38.52,98,99,3.8
346,Banjar,ID,2021-09-10 22:08:28,-8.19,114.9675,78.66,91,76,5.41
347,Kodiak,US,2021-09-10 22:08:28,57.79,-152.4072,62.11,55,20,13.8
348,Goundam,ML,2021-09-10 22:08:28,16.4145,-3.6708,89.56,44,33,12.91
349,Naliya,IN,2021-09-10 22:08:29,23.2667,68.8333,80.76,90,91,10.58
350,Trairi,BR,2021-09-10 22:07:55,-3.2778,-39.2689,77.67,82,67,11.1
351,Virginia Beach,US,2021-09-10 22:08:29,36.8529,-75.978,78.03,61,1,1.01
352,Saint-Pierre,RE,2021-09-10 22:08:29,-21.3393,55.4781,67.64,88,75,8.05
353,Mackenzie,CA,2021-09-10 22:08:30,55.2999,-123.1698,66.07,49,100,5.77
354,Roald,NO,2021-09-10 22:08:30,62.5833,6.1333,59.11,94,75,16.11
355,Kainantu,PG,2021-09-10 22:08:30,-6.2887,145.8655,62.89,89,100,2.1
356,Labuhan,ID,2021-09-10 22:08:31,-6.8844,112.2051,77.38,81,94,10.07
357,Kolokani,ML,2021-09-10 22:08:31,13.5728,-8.0339,74.86,85,65,7.23
358,Kashi,CN,2021-09-10 22:08:31,39.4547,75.9797,74.23,22,89,10.83
359,Plettenberg Bay,ZA,2021-09-10 22:08:32,-34.0527,23.3716,58.93,81,16,3.98
360,Sao Gabriel Da Cachoeira,BR,2021-09-10 22:08:32,-0.1303,-67.0892,73.65,99,95,0.47
361,Dingle,PH,2021-09-10 22:08:32,10.9995,122.6711,75.79,93,100,4.54
362,Khandbari,NP,2021-09-10 22:08:32,27.3747,87.2039,70.21,85,63,3.53
363,Cidreira,BR,2021-09-10 22:08:33,-30.1811,-50.2056,61.88,72,74,13.24
364,San Patricio,US,2021-09-10 22:08:33,28.017,-97.5169,94.15,46,2,17.58
365,Daru,PG,2021-09-10 22:08:33,-9.0763,143.2092,77.9,92,100,16.42
366,Deloraine,AU,2021-09-10 22:08:34,-41.5333,146.6667,50.14,41,95,2.64
367,Balkhash,KZ,2021-09-10 22:08:34,46.844,74.9804,60.37,47,27,8.52
368,Kudahuvadhoo,MV,2021-09-10 22:08:34,2.6708,72.8944,82.71,70,63,4.23
369,Madera,US,2021-09-10 22:08:34,37.1666,-119.8343,98.76,21,0,8.88
370,Waharoa,NZ,2021-09-10 22:08:35,-37.7667,175.7667,57.74,75,21,17.02
371,Marica,BR,2021-09-10 22:08:35,-22.9194,-42.8186,75.15,95,70,7.7
372,Novoagansk,RU,2021-09-10 22:08:35,61.9449,76.6625,45.77,91,99,8.1
373,Umm Lajj,SA,2021-09-10 22:08:36,25.0213,37.2685,84.15,75,39,8.79
374,Te Anau,NZ,2021-09-10 22:08:36,-45.4167,167.7167,40.73,92,86,2.62
375,Mildura,AU,2021-09-10 22:07:34,-34.2,142.15,62.56,19,0,10.36
376,Opuwo,NA,2021-09-10 22:08:36,-18.0607,13.84,74.97,23,7,6.08
377,Port-Gentil,GA,2021-09-10 22:08:36,-0.7193,8.7815,77.76,84,68,11.61
378,Abancay,PE,2021-09-10 22:08:37,-13.6339,-72.8814,68.79,54,70,7.85
379,Yar-Sale,RU,2021-09-10 22:08:37,66.8333,70.8333,38.35,76,82,2.84
380,Port Augusta,AU,2021-09-10 22:08:37,-32.5,137.7667,57.34,23,0,11.25
381,Carutapera,BR,2021-09-10 22:08:38,-1.195,-46.02,79.02,76,11,10.07
382,Aras,ES,2021-09-10 22:08:38,42.5617,-2.356,61.21,82,0,0.0
383,Quchan,IR,2021-09-10 22:08:38,37.106,58.5095,57.38,33,0,5.61
384,Kearney,US,2021-09-10 22:08:38,40.6995,-99.0815,90.16,58,1,8.05
385,Neiafu,TO,2021-09-10 22:08:39,-18.65,-173.9833,79.48,83,75,11.5
386,Esperance,AU,2021-09-10 22:08:39,-33.8667,121.9,53.44,80,41,14.54
387,Nikolayevka,RU,2021-09-10 22:08:39,53.1257,47.2041,48.29,96,13,5.08
388,Morant Bay,JM,2021-09-10 22:08:39,17.8815,-76.4093,85.66,73,14,10.76
389,Santa Maria,BR,2021-09-10 22:04:03,-29.6842,-53.8069,57.27,83,100,5.39
390,Leskovik,AL,2021-09-10 22:08:40,40.1514,20.5972,55.96,85,33,2.39
391,Asfi,MA,2021-09-10 22:08:40,32.2994,-9.2372,72.01,78,55,13.47
392,Kimbe,PG,2021-09-10 22:08:40,-5.5502,150.1429,79.39,81,81,2.53
393,Jackson,US,2021-09-10 22:08:41,42.4165,-122.8345,85.75,43,1,0.0
394,Oranjemund,NA,2021-09-10 22:08:41,-28.55,16.4333,54.45,81,76,3.33
395,Mola Di Bari,IT,2021-09-10 22:08:41,41.0609,17.0873,72.21,62,95,7.2
396,Kovdor,RU,2021-09-10 22:08:41,67.5662,30.4758,40.91,84,83,2.93
397,Parys,FR,2021-09-10 22:05:02,48.8534,2.3488,66.78,89,0,1.01
398,Boyolangu,ID,2021-09-10 22:08:42,-8.1181,111.8935,73.44,94,81,3.22
399,Tazovskiy,RU,2021-09-10 22:08:42,67.4667,78.7,41.05,94,100,3.15
400,Izhma,RU,2021-09-10 22:08:42,65.0083,53.9113,39.92,88,100,8.63
401,Djibo,BF,2021-09-10 22:08:43,14.1022,-1.6306,88.95,48,44,9.46
402,Quelimane,MZ,2021-09-10 22:08:43,-17.8786,36.8883,71.55,78,40,4.61
403,Bria,CF,2021-09-10 22:08:43,6.5423,21.9863,68.67,91,100,3.51
404,Darhan,MN,2021-09-10 22:08:44,49.4867,105.9228,45.61,84,99,6.78
405,Havoysund,NO,2021-09-10 22:08:44,70.9963,24.6622,43.68,75,81,13.96
406,Dunedin,NZ,2021-09-10 22:08:44,-45.8742,170.5036,47.8,63,35,18.99
407,Murgab,TM,2021-09-10 22:08:44,37.4966,61.9714,62.47,45,0,4.61
408,Palauig,PH,2021-09-10 22:08:45,15.435,119.9045,79.09,91,100,12.97
409,Nago,JP,2021-09-10 22:08:45,26.5881,127.9761,83.25,81,94,14.5
410,Karratha,AU,2021-09-10 22:08:45,-20.7377,116.8463,72.01,35,0,16.93
411,Redmond,US,2021-09-10 22:05:59,47.674,-122.1215,68.32,75,100,3.0
412,Vila Franca Do Campo,PT,2021-09-10 22:08:46,37.7167,-25.4333,70.21,83,47,7.29
413,Sinnamary,GF,2021-09-10 22:08:46,5.3833,-52.95,80.01,84,100,9.6
414,Kasempa,ZM,2021-09-10 22:08:46,-13.4584,25.8338,68.23,42,17,11.54
415,Russell,US,2021-09-10 22:08:46,32.3502,-85.1999,86.79,46,1,4.61
416,Mahabad,IR,2021-09-10 22:08:47,36.7631,45.7222,65.44,57,0,2.39
417,Tutoia,BR,2021-09-10 22:08:47,-2.7619,-42.2744,79.56,79,5,11.79
418,Makokou,GA,2021-09-10 22:08:47,0.5738,12.8642,73.65,89,98,1.05
419,Bandarbeyla,SO,2021-09-10 22:08:48,9.4942,50.8122,78.3,76,74,27.2
420,Olafsvik,IS,2021-09-10 22:08:48,64.8945,-23.7142,48.94,75,100,3.44
421,Manacapuru,BR,2021-09-10 22:08:48,-3.2997,-60.6206,82.98,75,45,1.03
422,Lasa,IT,2021-09-10 22:08:48,46.6166,10.7002,58.37,90,100,0.78
423,Havre-Saint-Pierre,CA,2021-09-10 22:08:49,50.2334,-63.5986,59.36,100,90,10.36
424,Pontianak,ID,2021-09-10 22:08:49,-0.0333,109.3333,73.38,100,90,3.44
425,Goedereede,NL,2021-09-10 22:08:49,51.8175,3.9806,64.99,93,46,15.14
426,Zacualpan,MX,2021-09-10 22:08:50,21.25,-105.1667,96.42,77,100,8.05
427,Loikaw,MM,2021-09-10 22:08:50,19.6742,97.2094,67.53,98,87,1.52
428,Deputatskiy,RU,2021-09-10 22:08:50,69.3,139.9,34.79,63,97,2.15
429,Agirish,RU,2021-09-10 22:08:50,61.9247,63.0231,38.53,97,100,14.25
430,Rajapolah,ID,2021-09-10 22:08:51,-7.221,108.1896,69.39,97,77,2.71
431,Honiara,SB,2021-09-10 22:08:51,-9.4333,159.95,83.28,72,13,8.43
432,Moose Factory,CA,2021-09-10 22:08:51,51.2585,-80.6094,55.0,80,100,3.42
433,Olinda,BR,2021-09-10 22:08:52,-8.0089,-34.8553,76.73,69,40,13.8
434,Maryville,US,2021-09-10 22:08:52,35.7565,-83.9705,81.28,57,20,0.0
435,Santa Rosa,PH,2021-09-10 22:08:52,14.3122,121.1114,77.11,92,100,10.67
436,Bonfim,BR,2021-09-10 22:08:53,3.0833,-59.95,82.65,67,96,7.36
437,Fare,PF,2021-09-10 22:08:53,-16.7,-151.0167,76.48,64,56,11.14
438,Ancud,CL,2021-09-10 22:08:53,-41.8697,-73.8203,51.42,96,100,12.44
439,Otradnoye,RU,2021-09-10 22:08:53,59.7775,30.8181,47.17,81,81,4.41
440,Big Spring,US,2021-09-10 22:08:54,32.2504,-101.4787,100.27,23,1,9.35
441,Great Yarmouth,GB,2021-09-10 22:08:54,52.6083,1.7305,65.23,82,89,9.42
442,Port Lincoln,AU,2021-09-10 22:08:54,-34.7333,135.8667,56.95,87,18,11.92
443,Nelson Bay,AU,2021-09-10 22:04:31,-32.7167,152.15,61.95,98,0,6.13
444,Coquimbo,CL,2021-09-10 22:08:55,-29.9533,-71.3436,56.93,76,40,9.22
445,Falam,MM,2021-09-10 22:08:55,22.9167,93.6833,62.04,92,100,0.09
446,Mercedes,AR,2021-09-10 22:08:55,-34.6515,-59.4307,58.17,69,99,4.99
447,Hualmay,PE,2021-09-10 22:08:56,-11.0964,-77.6139,64.06,80,32,8.59
448,Limbang,MY,2021-09-10 22:08:56,4.75,115.0,77.11,97,100,2.42
449,Devgarh,IN,2021-09-10 22:08:56,25.5333,73.9,70.63,93,100,7.67
450,Gorontalo,ID,2021-09-10 22:08:56,0.5412,123.0595,74.32,95,95,2.39
451,Mareeba,AU,2021-09-10 22:08:57,-17.0,145.4333,68.72,90,100,5.23
452,Churapcha,RU,2021-09-10 22:08:57,62.0025,132.4325,43.2,58,10,1.63
453,Tual,ID,2021-09-10 22:08:57,-5.6667,132.75,80.08,84,100,18.75
454,Iskateley,RU,2021-09-10 22:08:57,67.6803,53.1512,36.63,94,83,9.51
455,Shenzhen,CN,2021-09-10 22:06:44,22.5455,114.0683,84.22,80,16,3.09
456,Eqbaliyeh,IR,2021-09-10 22:08:58,35.3022,51.5358,80.42,25,0,8.1
457,Lodja,CD,2021-09-10 22:08:58,-3.4833,23.4333,71.69,79,78,3.04
458,Pandan,PH,2021-09-10 22:08:58,14.0453,124.1694,80.51,84,100,11.12
459,Parasia,IN,2021-09-10 22:08:59,22.2,78.7667,70.27,98,94,3.85
460,Pullman,US,2021-09-10 22:05:47,46.7313,-117.1796,71.83,68,75,13.0
461,Blagoyevo,RU,2021-09-10 22:08:59,63.3667,47.9167,39.47,87,70,6.73
462,Moron,AR,2021-09-10 22:08:59,-34.6534,-58.6198,58.96,87,97,1.01
463,Marang,MY,2021-09-10 22:09:00,5.2056,103.2059,78.37,85,100,3.09
464,Dali,CN,2021-09-10 22:09:00,25.7,100.1833,59.65,88,100,1.21
465,Xinye,CN,2021-09-10 22:09:00,32.5186,112.3522,70.32,89,0,3.06
466,Nantucket,US,2021-09-10 22:05:22,41.2835,-70.0995,73.51,72,1,14.97
467,Jalu,LY,2021-09-10 22:09:01,29.0331,21.5482,81.82,33,0,4.05
468,Clyde River,CA,2021-09-10 22:09:01,70.4692,-68.5914,33.71,68,43,4.9
469,Mwinilunga,ZM,2021-09-10 22:09:01,-11.7358,24.4293,70.12,32,25,8.86
470,Marolambo,MG,2021-09-10 22:09:01,-20.05,48.1167,60.93,98,77,2.64
471,Mali,GN,2021-09-10 22:09:02,12.079,-12.2982,58.44,96,88,3.36
472,Katsuura,JP,2021-09-10 22:09:02,35.1333,140.3,73.51,79,74,4.61
473,Fort Nelson,CA,2021-09-10 22:09:02,58.8053,-122.7002,62.38,57,100,7.87
474,Tadine,NC,2021-09-10 22:09:03,-21.55,167.8833,69.08,69,100,14.38
475,Acapulco,MX,2021-09-10 22:09:03,16.8634,-99.8901,85.82,74,75,10.36
476,Planadas,CO,2021-09-10 22:09:03,3.197,-75.6451,78.67,61,83,2.86
477,Roma,US,2021-09-10 22:09:03,43.2128,-75.4557,69.84,57,75,13.8
478,Diamantino,BR,2021-09-10 22:09:04,-14.4086,-56.4461,87.76,32,39,4.21
479,Arlit,NE,2021-09-10 22:09:04,18.7369,7.3853,98.82,12,98,13.06
480,Krasnoborsk,RU,2021-09-10 22:09:04,61.5598,45.934,35.44,94,8,4.45
481,Maltahohe,NA,2021-09-10 22:09:05,-24.8333,16.9833,69.08,12,3,0.34
482,Pangnirtung,CA,2021-09-10 22:09:05,66.1451,-65.7125,38.01,66,99,4.18
483,Edd,ER,2021-09-10 22:09:05,13.9297,41.6925,90.05,69,64,8.97
484,Sanary-Sur-Mer,FR,2021-09-10 22:09:06,43.1178,5.8001,72.88,71,31,10.67
485,Burnie,AU,2021-09-10 22:09:06,-41.0667,145.9167,51.06,90,97,3.31
486,Baoro,CF,2021-09-10 22:09:06,5.6667,15.9667,65.52,97,100,3.67
487,Bilma,NE,2021-09-10 22:09:06,18.6853,12.9164,94.68,16,40,4.68
488,Esso,RU,2021-09-10 22:09:07,55.9333,158.7,35.85,65,73,9.51
489,Nuuk,GL,2021-09-10 22:09:07,64.1835,-51.7216,43.41,49,47,9.22
490,Maceio,BR,2021-09-10 22:09:07,-9.6658,-35.7353,76.44,83,0,8.05
491,Ponta Delgada,PT,2021-09-10 22:09:08,37.7333,-25.6667,70.52,78,20,5.75
492,Kattivakkam,IN,2021-09-10 22:09:08,13.2167,80.3167,84.29,66,100,11.03
493,Astoria,US,2021-09-10 22:05:55,46.1879,-123.8313,65.88,80,90,11.5
494,Genhe,CN,2021-09-10 22:09:08,50.7833,121.5167,40.8,97,100,1.43
495,Ambilobe,MG,2021-09-10 22:09:08,-13.2,49.05,72.18,64,54,4.14
496,Adrar,MR,2021-09-10 22:09:09,20.5022,-10.0711,93.74,32,93,11.77
497,Ron,IN,2021-09-10 22:09:09,15.6667,75.7333,70.68,92,100,13.15
498,Sobolevo,RU,2021-09-10 22:09:09,54.4299,31.8996,57.54,84,39,2.57
499,Chake Chake,TZ,2021-09-10 22:09:10,-5.2459,39.7666,73.36,80,62,8.79
500,Angoche,MZ,2021-09-10 22:09:10,-16.2325,39.9086,72.16,76,34,10.96
501,Alyangula,AU,2021-09-10 22:09:10,-13.8483,136.4192,72.88,82,84,7.45
502,Pundaguitan,PH,2021-09-10 22:09:10,6.3711,126.1689,82.49,71,99,1.66
503,Serowe,BW,2021-09-10 22:09:11,-22.3833,26.7167,59.04,47,0,12.86
504,Alofi,NU,2021-09-10 22:09:11,-19.0595,-169.9187,76.66,80,100,15.37
505,Tomatlan,MX,2021-09-10 22:09:11,19.9333,-105.25,86.77,74,99,7.52
506,Oga,IT,2021-09-10 22:09:11,46.4631,10.347,52.68,92,95,2.24
507,Lazaro Cardenas,MX,2021-09-10 22:09:12,17.9583,-102.2,84.43,78,82,10.94
508,Wahpeton,US,2021-09-10 22:09:12,46.2652,-96.6059,86.77,36,32,5.41
509,Los Llanos De Aridane,ES,2021-09-10 22:09:12,28.6585,-17.9182,71.35,78,0,3.44
510,Zinder,NE,2021-09-10 22:09:13,13.8072,8.9881,86.68,45,30,6.46
511,Poum,NC,2021-09-10 22:09:13,-20.2333,164.0167,69.96,63,12,7.78
512,Doka,SD,2021-09-10 22:09:13,13.5167,35.7667,74.48,85,100,1.86
513,Tiznit,MA,2021-09-10 22:09:13,29.5833,-9.5,77.7,33,0,2.57
514,Lafayette,US,2021-09-10 22:04:30,30.2335,-92.0668,85.95,45,1,5.75
515,Kuytun,RU,2021-09-10 22:09:14,54.3419,101.5036,35.6,94,95,3.51
516,Rafsanjan,IR,2021-09-10 22:09:14,30.4067,55.9939,70.36,21,0,5.5
517,Acajutla,SV,2021-09-10 22:09:14,13.5928,-89.8275,82.8,82,100,10.11
518,Guilin,CN,2021-09-10 22:09:14,25.2819,110.2864,77.09,79,7,2.37
519,Gamba,GA,2021-09-10 22:09:15,-2.65,10.0,75.58,87,21,4.52
520,Stettler,CA,2021-09-10 22:09:15,52.3168,-112.7186,67.77,39,25,3.24
521,Merauke,ID,2021-09-10 22:09:15,-8.4667,140.3333,77.54,87,100,8.93
522,Robertson,US,2021-09-10 22:09:16,36.5167,-86.8667,82.38,53,1,0.0
523,Pemangkat,ID,2021-09-10 22:09:16,1.1667,108.9667,79.25,86,100,6.69
524,Ust-Nera,RU,2021-09-10 22:09:16,64.5667,143.2,41.07,41,17,3.78
525,Springbok,ZA,2021-09-10 22:09:16,-29.6643,17.8865,57.52,32,92,1.16
526,Machesney Park,US,2021-09-10 22:05:30,42.3472,-89.039,81.48,42,20,5.01
527,Gisborne,NZ,2021-09-10 22:09:17,-38.6533,178.0042,54.95,57,56,18.14
528,Ayan,RU,2021-09-10 22:09:17,56.45,138.1667,51.37,70,17,5.01
529,San Salvo,IT,2021-09-10 22:09:17,42.0433,14.7272,68.86,63,100,2.68
530,Luba,GQ,2021-09-10 22:09:18,3.4568,8.5547,78.89,84,97,2.91
531,Hammerfest,NO,2021-09-10 22:09:18,70.6634,23.6821,43.25,81,40,6.91
532,Tsaratanana,MG,2021-09-10 22:09:18,-16.7833,47.65,66.56,70,0,15.17
533,Sao Joao Da Barra,BR,2021-09-10 22:09:18,-21.6403,-41.0511,74.34,84,31,14.18
534,Providencia,MX,2021-09-10 22:09:19,28.7167,-111.5833,100.45,65,68,11.99
535,College,US,2021-09-10 22:09:19,64.8569,-147.8028,64.72,56,75,3.44
536,Bonthe,SL,2021-09-10 22:09:19,7.5264,-12.505,75.63,94,100,8.28
537,Pemberton,CA,2021-09-10 22:09:20,50.3164,-122.8027,78.91,44,25,4.94
538,Humaita,BR,2021-09-10 22:09:20,-7.5061,-63.0208,86.9,52,54,2.46
539,Bihoro,JP,2021-09-10 22:09:20,43.8228,144.1044,63.23,86,1,3.8
540,Petropavlovsk-Kamchatskiy,RU,2021-09-10 22:09:20,53.0452,158.6483,39.79,81,75,11.18
541,Kurmanayevka,RU,2021-09-10 22:09:21,52.5093,52.0675,49.05,93,66,8.39
542,Chimbote,PE,2021-09-10 22:09:21,-9.0853,-78.5783,64.99,81,25,9.19
543,Gambela,ET,2021-09-10 22:09:21,8.25,34.5833,70.02,88,24,3.8
544,Camden,US,2021-09-10 22:05:28,39.7835,-74.9663,75.88,50,0,1.01
545,Cuamba,MZ,2021-09-10 22:09:22,-14.8031,36.5372,64.69,66,3,9.35
546,Kota Kinabalu,MY,2021-09-10 22:09:22,5.9749,116.0724,78.78,89,20,4.61
547,Touros,BR,2021-09-10 22:09:22,-5.1989,-35.4608,77.9,79,54,16.28
548,Caraquet,CA,2021-09-10 22:09:22,47.7941,-64.9386,61.34,92,97,11.16
549,Amapa,BR,2021-09-10 22:09:23,1.0,-52.0,82.56,52,41,5.21
550,Novopavlovka,RU,2021-09-10 22:09:24,51.2172,109.2091,46.04,87,99,3.27
551,Saint-Joseph,RE,2021-09-10 22:09:24,-21.3667,55.6167,66.56,77,24,9.24
552,Pimentel,PE,2021-09-10 22:09:25,-6.8367,-79.9342,66.49,72,0,18.41
553,Muzhi,RU,2021-09-10 22:09:25,65.3667,64.6667,42.48,82,100,11.86
554,Selma,US,2021-09-10 22:09:26,36.5708,-119.6121,100.02,24,1,6.91
555,Longyan,CN,2021-09-10 22:09:26,25.1072,117.0225,72.84,95,0,3.49
556,Nova Olimpia,BR,2021-09-10 22:09:26,-14.7972,-57.2881,88.66,32,50,3.33
557,Shingu,JP,2021-09-10 22:09:27,33.7333,135.9833,76.91,83,9,3.11
558,Bac Ninh,VN,2021-09-10 22:09:27,21.1833,106.05,77.09,80,85,4.0
559,Rabo De Peixe,PT,2021-09-10 22:09:27,37.8,-25.5833,69.31,78,20,5.75
560,Lata,PT,2021-09-10 22:09:28,40.1629,-8.3327,66.81,91,41,0.67
561,Devonport,AU,2021-09-10 22:09:28,-41.1667,146.35,51.1,87,100,3.67
562,Chivay,PE,2021-09-10 22:09:28,-15.6383,-71.6011,54.64,38,45,12.8
563,Longfeng,CN,2021-09-10 22:09:28,46.55,125.1167,50.07,94,100,3.53
564,Aswan,EG,2021-09-10 22:09:29,24.0934,32.907,86.31,30,3,17.81
565,Gigmoto,PH,2021-09-10 22:09:29,13.7796,124.39,81.0,83,100,10.83
566,Kilindoni,TZ,2021-09-10 22:09:29,-7.9139,39.6668,76.62,75,5,16.84
567,Vostok,RU,2021-09-10 22:09:30,46.4856,135.8833,54.03,92,85,1.77
568,Olga,RU,2021-09-10 22:09:30,43.7444,135.2892,61.81,97,100,2.66
569,Bandrele,YT,2021-09-10 22:09:30,-12.9067,45.1914,76.75,73,0,14.97
570,Lesogorsk,RU,2021-09-10 22:09:31,56.0458,99.5136,39.54,83,35,2.89
571,Harper,LR,2021-09-10 22:09:31,4.375,-7.7169,77.38,85,46,5.21
572,Laurel,US,2021-09-10 22:07:00,39.0993,-76.8483,76.86,51,40,1.01
573,Camargo,MX,2021-09-10 22:09:31,27.6667,-105.1667,89.74,13,0,10.6
574,Oxford,GB,2021-09-10 22:09:04,51.7522,-1.256,64.56,92,75,1.01
